Season,Team,Player,Matches,Wickets,Runs Given,Overs,Economy,Average
2008,MI,Rohit Sharma,14,6,364,25.3,14.37,60.67
2008,MI,Hardik Pandya,10,24,152,27.0,5.63,6.33
2008,MI,Suryakumar Yadav,8,15,392,59.9,6.55,26.13
2008,MI,Jasprit Bumrah,10,1,113,26.3,4.29,113.0
2008,MI,Kieron Pollard,11,12,239,21.5,11.11,19.92
2008,CSK,MS Dhoni,10,4,180,59.0,3.05,45.0
2008,CSK,Ruturaj Gaikwad,16,4,128,53.6,2.39,32.0
2008,CSK,Devon Conway,9,4,286,41.6,6.88,71.5
2008,CSK,Deepak Chahar,9,5,465,49.3,9.44,93.0
2008,CSK,Ravindra Jadeja,10,18,216,59.3,3.64,12.0
2008,RCB,Virat Kohli,14,6,173,55.5,3.12,28.83
2008,RCB,Faf du Plessis,15,18,188,28.7,6.56,10.44
2008,RCB,Glenn Maxwell,9,7,261,49.6,5.27,37.29
2008,RCB,Mohammed Siraj,14,0,398,25.1,15.87,398.0
2008,RCB,Dinesh Karthik,15,15,479,54.8,8.75,31.93
2008,KKR,Shreyas Iyer,13,0,248,38.3,6.47,248.0
2008,KKR,Sunil Narine,12,20,202,49.9,4.05,10.1
2008,KKR,Andre Russell,13,5,449,36.8,12.21,89.8
2008,KKR,Varun Chakravarthy,8,12,341,56.4,6.04,28.42
2008,KKR,Nitish Rana,15,13,341,54.0,6.32,26.23
2008,DC,Rishabh Pant,11,0,310,32.6,9.5,310.0
2008,DC,David Warner,9,14,159,21.4,7.44,11.36
2008,DC,Mitchell Marsh,8,6,113,45.0,2.51,18.83
2008,DC,Anrich Nortje,13,22,107,29.7,3.6,4.86
2008,DC,Axar Patel,12,5,145,21.0,6.89,29.0
2008,SRH,Kane Williamson,10,22,437,59.2,7.38,19.86
2008,SRH,Bhuvneshwar Kumar,14,5,207,42.0,4.93,41.4
2008,SRH,T Natarajan,15,7,468,23.1,20.27,66.86
2008,SRH,Abhishek Sharma,9,2,494,22.6,21.84,247.0
2008,SRH,Heinrich Klaasen,16,21,472,31.2,15.12,22.48
2008,PBKS,Shikhar Dhawan,9,12,238,54.4,4.37,19.83
2008,PBKS,Liam Livingstone,16,3,268,37.4,7.17,89.33
2008,PBKS,Kagiso Rabada,13,22,220,58.9,3.73,10.0
2008,PBKS,Sam Curran,11,10,342,28.1,12.17,34.2
2008,PBKS,Jonny Bairstow,12,7,113,30.8,3.67,16.14
2008,RR,Sanju Samson,16,10,336,39.4,8.54,33.6
2008,RR,Jos Buttler,16,7,231,49.9,4.63,33.0
2008,RR,Yuzvendra Chahal,13,12,128,54.1,2.37,10.67
2008,RR,Trent Boult,15,2,259,21.9,11.83,129.5
2008,RR,Shimron Hetmyer,16,22,388,27.1,14.34,17.64
2008,LSG,KL Rahul,16,11,188,47.5,3.96,17.09
2008,LSG,Quinton de Kock,12,23,431,28.1,15.32,18.74
2008,LSG,Ravi Bishnoi,16,8,338,55.8,6.05,42.25
2008,LSG,Mark Wood,13,18,352,40.9,8.6,19.56
2008,LSG,Nicholas Pooran,11,12,249,55.9,4.46,20.75
2008,GT,Shubman Gill,14,24,494,55.7,8.86,20.58
2008,GT,Hardik Pandya,8,10,168,23.7,7.1,16.8
2008,GT,Mohammed Shami,8,18,389,30.7,12.69,21.61
2008,GT,Rashid Khan,16,13,124,43.9,2.83,9.54
2008,GT,David Miller,11,17,404,40.1,10.08,23.76
2009,MI,Rohit Sharma,16,1,250,45.5,5.5,250.0
2009,MI,Hardik Pandya,15,24,131,41.2,3.18,5.46
2009,MI,Suryakumar Yadav,15,18,139,58.9,2.36,7.72
2009,MI,Jasprit Bumrah,8,3,168,55.6,3.02,56.0
2009,MI,Kieron Pollard,15,10,183,37.8,4.84,18.3
2009,CSK,MS Dhoni,15,8,356,30.6,11.63,44.5
2009,CSK,Ruturaj Gaikwad,12,8,103,22.9,4.49,12.88
2009,CSK,Devon Conway,10,9,472,45.0,10.49,52.44
2009,CSK,Deepak Chahar,9,18,285,57.6,4.95,15.83
2009,CSK,Ravindra Jadeja,13,20,162,29.2,5.54,8.1
2009,RCB,Virat Kohli,13,24,459,50.0,9.18,19.12
2009,RCB,Faf du Plessis,16,17,179,43.0,4.16,10.53
2009,RCB,Glenn Maxwell,12,14,339,44.0,7.7,24.21
2009,RCB,Mohammed Siraj,15,10,440,53.2,8.27,44.0
2009,RCB,Dinesh Karthik,10,19,193,50.8,3.8,10.16
2009,KKR,Shreyas Iyer,8,14,258,30.7,8.4,18.43
2009,KKR,Sunil Narine,10,7,479,57.3,8.36,68.43
2009,KKR,Andre Russell,12,7,116,33.4,3.47,16.57
2009,KKR,Varun Chakravarthy,14,4,239,44.0,5.44,59.75
2009,KKR,Nitish Rana,13,15,410,33.2,12.35,27.33
2009,DC,Rishabh Pant,13,3,342,27.8,12.32,114.0
2009,DC,David Warner,13,13,193,23.2,8.32,14.85
2009,DC,Mitchell Marsh,14,6,317,53.2,5.96,52.83
2009,DC,Anrich Nortje,9,13,434,23.4,18.56,33.38
2009,DC,Axar Patel,10,22,372,55.2,6.74,16.91
2009,SRH,Kane Williamson,8,7,400,50.9,7.87,57.14
2009,SRH,Bhuvneshwar Kumar,13,18,381,43.4,8.78,21.17
2009,SRH,T Natarajan,10,22,263,57.1,4.6,11.95
2009,SRH,Abhishek Sharma,10,23,408,46.2,8.83,17.74
2009,SRH,Heinrich Klaasen,9,23,343,56.3,6.1,14.91
2009,PBKS,Shikhar Dhawan,11,14,101,37.1,2.72,7.21
2009,PBKS,Liam Livingstone,11,3,487,51.0,9.55,162.33
2009,PBKS,Kagiso Rabada,16,3,339,21.8,15.53,113.0
2009,PBKS,Sam Curran,13,23,341,45.0,7.58,14.83
2009,PBKS,Jonny Bairstow,13,14,154,25.7,6.0,11.0
2009,RR,Sanju Samson,9,5,359,45.6,7.87,71.8
2009,RR,Jos Buttler,8,11,477,46.8,10.18,43.36
2009,RR,Yuzvendra Chahal,13,18,141,57.4,2.46,7.83
2009,RR,Trent Boult,13,13,328,23.4,14.0,25.23
2009,RR,Shimron Hetmyer,11,2,415,53.1,7.81,207.5
2009,LSG,KL Rahul,9,3,168,30.3,5.55,56.0
2009,LSG,Quinton de Kock,10,12,281,57.7,4.87,23.42
2009,LSG,Ravi Bishnoi,12,15,479,24.4,19.61,31.93
2009,LSG,Mark Wood,8,18,404,26.5,15.22,22.44
2009,LSG,Nicholas Pooran,10,19,292,27.9,10.48,15.37
2009,GT,Shubman Gill,10,7,255,51.7,4.93,36.43
2009,GT,Hardik Pandya,13,24,455,23.1,19.68,18.96
2009,GT,Mohammed Shami,10,7,389,25.1,15.49,55.57
2009,GT,Rashid Khan,11,24,202,41.7,4.85,8.42
2009,GT,David Miller,16,11,232,48.8,4.76,21.09
2010,MI,Rohit Sharma,9,16,327,29.5,11.1,20.44
2010,MI,Hardik Pandya,12,19,143,55.8,2.56,7.53
2010,MI,Suryakumar Yadav,16,4,365,50.1,7.29,91.25
2010,MI,Jasprit Bumrah,13,5,405,39.9,10.16,81.0
2010,MI,Kieron Pollard,15,2,203,24.0,8.45,101.5
2010,CSK,MS Dhoni,8,18,352,28.5,12.35,19.56
2010,CSK,Ruturaj Gaikwad,9,1,459,25.9,17.75,459.0
2010,CSK,Devon Conway,13,8,457,42.5,10.74,57.12
2010,CSK,Deepak Chahar,9,10,298,52.7,5.66,29.8
2010,CSK,Ravindra Jadeja,10,24,224,36.1,6.2,9.33
2010,RCB,Virat Kohli,13,17,202,35.5,5.7,11.88
2010,RCB,Faf du Plessis,9,8,391,22.0,17.78,48.88
2010,RCB,Glenn Maxwell,9,23,433,52.5,8.24,18.83
2010,RCB,Mohammed Siraj,14,12,110,34.7,3.17,9.17
2010,RCB,Dinesh Karthik,14,6,153,26.9,5.7,25.5
2010,KKR,Shreyas Iyer,9,4,305,56.8,5.37,76.25
2010,KKR,Sunil Narine,14,14,210,35.4,5.93,15.0
2010,KKR,Andre Russell,12,22,185,22.7,8.16,8.41
2010,KKR,Varun Chakravarthy,13,3,363,22.3,16.26,121.0
2010,KKR,Nitish Rana,15,4,219,41.3,5.31,54.75
2010,DC,Rishabh Pant,13,6,128,24.5,5.22,21.33
2010,DC,David Warner,15,3,485,42.0,11.53,161.67
2010,DC,Mitchell Marsh,12,20,240,25.4,9.46,12.0
2010,DC,Anrich Nortje,8,21,474,57.8,8.21,22.57
2010,DC,Axar Patel,15,13,321,45.8,7.01,24.69
2010,SRH,Kane Williamson,11,18,287,59.3,4.84,15.94
2010,SRH,Bhuvneshwar Kumar,14,21,215,47.3,4.54,10.24
2010,SRH,T Natarajan,14,21,102,44.4,2.3,4.86
2010,SRH,Abhishek Sharma,12,10,483,59.7,8.09,48.3
2010,SRH,Heinrich Klaasen,8,18,297,51.2,5.8,16.5
2010,PBKS,Shikhar Dhawan,9,23,148,39.5,3.74,6.43
2010,PBKS,Liam Livingstone,8,17,233,56.8,4.1,13.71
2010,PBKS,Kagiso Rabada,14,20,349,49.1,7.1,17.45
2010,PBKS,Sam Curran,13,1,359,56.0,6.41,359.0
2010,PBKS,Jonny Bairstow,10,15,362,55.5,6.53,24.13
2010,RR,Sanju Samson,10,0,485,21.6,22.43,485.0
2010,RR,Jos Buttler,16,4,372,35.2,10.58,93.0
2010,RR,Yuzvendra Chahal,14,19,164,54.1,3.03,8.63
2010,RR,Trent Boult,10,3,260,55.8,4.66,86.67
2010,RR,Shimron Hetmyer,16,11,397,55.2,7.2,36.09
2010,LSG,KL Rahul,15,5,418,36.9,11.34,83.6
2010,LSG,Quinton de Kock,12,11,186,34.4,5.41,16.91
2010,LSG,Ravi Bishnoi,14,21,202,55.5,3.64,9.62
2010,LSG,Mark Wood,15,14,263,37.0,7.11,18.79
2010,LSG,Nicholas Pooran,9,21,141,25.8,5.47,6.71
2010,GT,Shubman Gill,8,17,470,47.5,9.89,27.65
2010,GT,Hardik Pandya,14,13,252,25.6,9.86,19.38
2010,GT,Mohammed Shami,14,6,138,27.9,4.94,23.0
2010,GT,Rashid Khan,8,10,100,36.0,2.78,10.0
2010,GT,David Miller,16,20,360,57.7,6.24,18.0
2011,MI,Rohit Sharma,15,19,313,24.7,12.67,16.47
2011,MI,Hardik Pandya,13,23,310,20.6,15.08,13.48
2011,MI,Suryakumar Yadav,12,7,173,38.1,4.54,24.71
2011,MI,Jasprit Bumrah,9,16,391,37.3,10.48,24.44
2011,MI,Kieron Pollard,10,24,389,51.9,7.49,16.21
2011,CSK,MS Dhoni,13,0,444,36.5,12.16,444.0
2011,CSK,Ruturaj Gaikwad,13,16,172,21.8,7.87,10.75
2011,CSK,Devon Conway,16,20,310,57.0,5.44,15.5
2011,CSK,Deepak Chahar,9,9,328,21.0,15.65,36.44
2011,CSK,Ravindra Jadeja,14,4,203,28.3,7.17,50.75
2011,RCB,Virat Kohli,15,12,334,28.4,11.77,27.83
2011,RCB,Faf du Plessis,15,10,298,59.2,5.03,29.8
2011,RCB,Glenn Maxwell,14,13,370,37.7,9.82,28.46
2011,RCB,Mohammed Siraj,8,12,201,32.2,6.24,16.75
2011,RCB,Dinesh Karthik,12,24,327,59.0,5.54,13.62
2011,KKR,Shreyas Iyer,12,18,178,38.0,4.68,9.89
2011,KKR,Sunil Narine,15,12,306,35.5,8.61,25.5
2011,KKR,Andre Russell,11,13,341,44.7,7.64,26.23
2011,KKR,Varun Chakravarthy,8,16,436,43.5,10.02,27.25
2011,KKR,Nitish Rana,14,0,424,48.6,8.73,424.0
2011,DC,Rishabh Pant,16,15,418,39.2,10.68,27.87
2011,DC,David Warner,10,18,234,25.4,9.21,13.0
2011,DC,Mitchell Marsh,9,1,103,23.0,4.48,103.0
2011,DC,Anrich Nortje,12,10,209,48.0,4.36,20.9
2011,DC,Axar Patel,13,18,306,29.6,10.35,17.0
2011,SRH,Kane Williamson,13,21,225,22.8,9.89,10.71
2011,SRH,Bhuvneshwar Kumar,9,3,230,40.3,5.71,76.67
2011,SRH,T Natarajan,10,9,230,24.2,9.52,25.56
2011,SRH,Abhishek Sharma,11,14,455,49.9,9.11,32.5
2011,SRH,Heinrich Klaasen,8,3,414,51.7,8.0,138.0
2011,PBKS,Shikhar Dhawan,11,22,389,22.6,17.19,17.68
2011,PBKS,Liam Livingstone,16,0,279,44.8,6.23,279.0
2011,PBKS,Kagiso Rabada,13,11,451,51.8,8.7,41.0
2011,PBKS,Sam Curran,11,20,147,23.1,6.37,7.35
2011,PBKS,Jonny Bairstow,8,22,143,33.2,4.31,6.5
2011,RR,Sanju Samson,14,7,342,23.9,14.33,48.86
2011,RR,Jos Buttler,12,21,101,48.4,2.09,4.81
2011,RR,Yuzvendra Chahal,15,22,270,57.3,4.71,12.27
2011,RR,Trent Boult,16,0,499,33.3,14.99,499.0
2011,RR,Shimron Hetmyer,14,3,471,44.8,10.5,157.0
2011,LSG,KL Rahul,11,3,135,41.4,3.26,45.0
2011,LSG,Quinton de Kock,10,9,299,40.0,7.48,33.22
2011,LSG,Ravi Bishnoi,13,19,270,35.8,7.55,14.21
2011,LSG,Mark Wood,12,0,229,34.8,6.58,229.0
2011,LSG,Nicholas Pooran,16,18,394,51.9,7.58,21.89
2011,GT,Shubman Gill,12,4,445,42.4,10.5,111.25
2011,GT,Hardik Pandya,14,15,497,43.8,11.34,33.13
2011,GT,Mohammed Shami,15,10,451,23.9,18.9,45.1
2011,GT,Rashid Khan,15,3,190,29.9,6.35,63.33
2011,GT,David Miller,16,0,334,52.5,6.37,334.0
2012,MI,Rohit Sharma,11,14,495,53.9,9.18,35.36
2012,MI,Hardik Pandya,14,20,154,32.3,4.77,7.7
2012,MI,Suryakumar Yadav,15,11,277,41.7,6.64,25.18
2012,MI,Jasprit Bumrah,8,7,383,24.9,15.38,54.71
2012,MI,Kieron Pollard,16,18,493,32.1,15.35,27.39
2012,CSK,MS Dhoni,13,17,263,30.9,8.51,15.47
2012,CSK,Ruturaj Gaikwad,15,6,138,43.6,3.17,23.0
2012,CSK,Devon Conway,10,4,470,53.0,8.86,117.5
2012,CSK,Deepak Chahar,8,18,157,47.5,3.31,8.72
2012,CSK,Ravindra Jadeja,13,4,348,57.8,6.02,87.0
2012,RCB,Virat Kohli,12,20,419,45.7,9.16,20.95
2012,RCB,Faf du Plessis,12,6,399,49.6,8.05,66.5
2012,RCB,Glenn Maxwell,11,13,470,34.4,13.65,36.15
2012,RCB,Mohammed Siraj,9,24,479,42.1,11.39,19.96
2012,RCB,Dinesh Karthik,9,8,375,46.4,8.08,46.88
2012,KKR,Shreyas Iyer,12,13,285,36.6,7.78,21.92
2012,KKR,Sunil Narine,15,16,424,48.1,8.82,26.5
2012,KKR,Andre Russell,11,9,220,58.6,3.75,24.44
2012,KKR,Varun Chakravarthy,16,22,409,28.2,14.48,18.59
2012,KKR,Nitish Rana,10,17,264,35.2,7.49,15.53
2012,DC,Rishabh Pant,13,9,440,51.5,8.54,48.89
2012,DC,David Warner,13,2,464,42.6,10.89,232.0
2012,DC,Mitchell Marsh,8,22,344,48.4,7.11,15.64
2012,DC,Anrich Nortje,14,0,296,54.4,5.44,296.0
2012,DC,Axar Patel,14,19,160,44.2,3.62,8.42
2012,SRH,Kane Williamson,13,15,271,21.1,12.85,18.07
2012,SRH,Bhuvneshwar Kumar,13,13,230,25.2,9.14,17.69
2012,SRH,T Natarajan,9,7,142,56.4,2.52,20.29
2012,SRH,Abhishek Sharma,16,22,314,41.3,7.6,14.27
2012,SRH,Heinrich Klaasen,13,6,404,40.5,9.97,67.33
2012,PBKS,Shikhar Dhawan,8,1,157,57.1,2.75,157.0
2012,PBKS,Liam Livingstone,11,0,295,24.2,12.21,295.0
2012,PBKS,Kagiso Rabada,10,7,278,58.4,4.76,39.71
2012,PBKS,Sam Curran,13,5,464,48.4,9.59,92.8
2012,PBKS,Jonny Bairstow,14,11,422,41.4,10.19,38.36
2012,RR,Sanju Samson,11,22,330,32.5,10.17,15.0
2012,RR,Jos Buttler,10,23,347,37.5,9.24,15.09
2012,RR,Yuzvendra Chahal,15,9,165,59.6,2.77,18.33
2012,RR,Trent Boult,9,13,106,27.6,3.84,8.15
2012,RR,Shimron Hetmyer,16,6,479,55.7,8.6,79.83
2012,LSG,KL Rahul,14,2,352,52.0,6.77,176.0
2012,LSG,Quinton de Kock,12,4,151,26.6,5.68,37.75
2012,LSG,Ravi Bishnoi,15,1,292,57.5,5.07,292.0
2012,LSG,Mark Wood,15,14,360,25.2,14.3,25.71
2012,LSG,Nicholas Pooran,14,6,285,55.0,5.19,47.5
2012,GT,Shubman Gill,8,10,245,58.3,4.21,24.5
2012,GT,Hardik Pandya,12,4,381,42.1,9.05,95.25
2012,GT,Mohammed Shami,11,19,283,56.7,4.99,14.89
2012,GT,Rashid Khan,13,18,315,45.0,7.01,17.5
2012,GT,David Miller,13,13,499,50.5,9.89,38.38
2013,MI,Rohit Sharma,9,13,286,36.6,7.81,22.0
2013,MI,Hardik Pandya,12,7,458,52.6,8.71,65.43
2013,MI,Suryakumar Yadav,11,16,283,53.3,5.31,17.69
2013,MI,Jasprit Bumrah,16,21,341,58.8,5.8,16.24
2013,MI,Kieron Pollard,14,13,244,42.5,5.74,18.77
2013,CSK,MS Dhoni,12,17,436,50.2,8.69,25.65
2013,CSK,Ruturaj Gaikwad,15,10,202,48.0,4.2,20.2
2013,CSK,Devon Conway,10,1,137,43.3,3.16,137.0
2013,CSK,Deepak Chahar,14,9,193,44.9,4.3,21.44
2013,CSK,Ravindra Jadeja,10,23,121,26.3,4.61,5.26
2013,RCB,Virat Kohli,10,11,456,53.5,8.53,41.45
2013,RCB,Faf du Plessis,10,7,265,49.2,5.39,37.86
2013,RCB,Glenn Maxwell,11,12,471,27.9,16.87,39.25
2013,RCB,Mohammed Siraj,10,21,170,22.5,7.57,8.1
2013,RCB,Dinesh Karthik,14,14,338,47.1,7.18,24.14
2013,KKR,Shreyas Iyer,10,12,286,25.7,11.15,23.83
2013,KKR,Sunil Narine,13,21,232,58.0,4.0,11.05
2013,KKR,Andre Russell,8,13,416,50.4,8.26,32.0
2013,KKR,Varun Chakravarthy,9,5,273,24.2,11.29,54.6
2013,KKR,Nitish Rana,15,5,196,39.6,4.95,39.2
2013,DC,Rishabh Pant,16,11,134,52.5,2.55,12.18
2013,DC,David Warner,13,18,426,57.5,7.41,23.67
2013,DC,Mitchell Marsh,15,19,370,24.8,14.91,19.47
2013,DC,Anrich Nortje,11,22,101,57.3,1.76,4.59
2013,DC,Axar Patel,12,8,202,57.6,3.51,25.25
2013,SRH,Kane Williamson,9,24,115,24.6,4.67,4.79
2013,SRH,Bhuvneshwar Kumar,10,2,371,23.4,15.85,185.5
2013,SRH,T Natarajan,10,12,406,33.6,12.1,33.83
2013,SRH,Abhishek Sharma,16,3,247,33.3,7.42,82.33
2013,SRH,Heinrich Klaasen,11,12,385,26.6,14.49,32.08
2013,PBKS,Shikhar Dhawan,13,0,407,23.0,17.66,407.0
2013,PBKS,Liam Livingstone,10,22,247,59.7,4.14,11.23
2013,PBKS,Kagiso Rabada,8,6,481,59.7,8.06,80.17
2013,PBKS,Sam Curran,16,2,328,23.5,13.96,164.0
2013,PBKS,Jonny Bairstow,12,7,173,20.5,8.42,24.71
2013,RR,Sanju Samson,10,7,485,47.4,10.23,69.29
2013,RR,Jos Buttler,13,0,279,51.6,5.41,279.0
2013,RR,Yuzvendra Chahal,8,1,310,47.0,6.6,310.0
2013,RR,Trent Boult,13,9,328,48.6,6.76,36.44
2013,RR,Shimron Hetmyer,14,0,251,20.9,12.0,251.0
2013,LSG,KL Rahul,12,24,148,24.5,6.04,6.17
2013,LSG,Quinton de Kock,9,17,124,39.8,3.12,7.29
2013,LSG,Ravi Bishnoi,13,23,229,32.6,7.03,9.96
2013,LSG,Mark Wood,8,7,437,20.3,21.52,62.43
2013,LSG,Nicholas Pooran,13,17,383,48.6,7.88,22.53
2013,GT,Shubman Gill,10,20,217,53.4,4.06,10.85
2013,GT,Hardik Pandya,16,12,439,27.9,15.76,36.58
2013,GT,Mohammed Shami,15,2,337,24.7,13.63,168.5
2013,GT,Rashid Khan,12,13,357,22.8,15.67,27.46
2013,GT,David Miller,13,21,268,45.8,5.85,12.76
2014,MI,Rohit Sharma,10,5,173,42.5,4.07,34.6
2014,MI,Hardik Pandya,12,24,484,36.4,13.28,20.17
2014,MI,Suryakumar Yadav,15,15,300,53.1,5.64,20.0
2014,MI,Jasprit Bumrah,11,14,249,33.1,7.52,17.79
2014,MI,Kieron Pollard,15,6,173,48.8,3.55,28.83
2014,CSK,MS Dhoni,15,17,351,57.3,6.12,20.65
2014,CSK,Ruturaj Gaikwad,15,11,130,27.2,4.78,11.82
2014,CSK,Devon Conway,9,19,281,31.5,8.91,14.79
2014,CSK,Deepak Chahar,11,2,211,59.0,3.58,105.5
2014,CSK,Ravindra Jadeja,14,0,429,49.9,8.6,429.0
2014,RCB,Virat Kohli,8,3,465,30.9,15.03,155.0
2014,RCB,Faf du Plessis,14,3,356,20.4,17.49,118.67
2014,RCB,Glenn Maxwell,11,5,173,52.8,3.27,34.6
2014,RCB,Mohammed Siraj,13,16,372,38.6,9.62,23.25
2014,RCB,Dinesh Karthik,12,1,365,25.7,14.18,365.0
2014,KKR,Shreyas Iyer,12,11,316,33.1,9.54,28.73
2014,KKR,Sunil Narine,12,8,483,26.0,18.6,60.38
2014,KKR,Andre Russell,12,3,448,36.2,12.39,149.33
2014,KKR,Varun Chakravarthy,9,3,246,55.5,4.43,82.0
2014,KKR,Nitish Rana,8,20,113,20.9,5.41,5.65
2014,DC,Rishabh Pant,14,17,471,39.0,12.08,27.71
2014,DC,David Warner,13,22,495,27.6,17.97,22.5
2014,DC,Mitchell Marsh,15,24,471,58.8,8.01,19.62
2014,DC,Anrich Nortje,14,11,468,45.6,10.27,42.55
2014,DC,Axar Patel,11,13,412,54.3,7.58,31.69
2014,SRH,Kane Williamson,13,12,164,46.3,3.54,13.67
2014,SRH,Bhuvneshwar Kumar,16,5,272,58.9,4.62,54.4
2014,SRH,T Natarajan,11,20,196,20.2,9.68,9.8
2014,SRH,Abhishek Sharma,10,1,106,31.2,3.4,106.0
2014,SRH,Heinrich Klaasen,14,18,383,23.1,16.57,21.28
2014,PBKS,Shikhar Dhawan,10,1,320,33.2,9.64,320.0
2014,PBKS,Liam Livingstone,11,3,379,46.6,8.13,126.33
2014,PBKS,Kagiso Rabada,13,1,365,34.0,10.75,365.0
2014,PBKS,Sam Curran,11,21,483,39.0,12.38,23.0
2014,PBKS,Jonny Bairstow,8,1,427,43.6,9.79,427.0
2014,RR,Sanju Samson,15,19,110,53.9,2.04,5.79
2014,RR,Jos Buttler,10,13,171,49.8,3.43,13.15
2014,RR,Yuzvendra Chahal,12,17,405,53.7,7.54,23.82
2014,RR,Trent Boult,16,19,434,30.2,14.38,22.84
2014,RR,Shimron Hetmyer,9,19,216,27.6,7.84,11.37
2014,LSG,KL Rahul,9,0,350,53.1,6.59,350.0
2014,LSG,Quinton de Kock,14,8,289,53.8,5.37,36.12
2014,LSG,Ravi Bishnoi,13,15,235,57.5,4.09,15.67
2014,LSG,Mark Wood,13,23,360,23.4,15.36,15.65
2014,LSG,Nicholas Pooran,8,22,226,43.8,5.16,10.27
2014,GT,Shubman Gill,15,3,187,51.8,3.61,62.33
2014,GT,Hardik Pandya,13,18,499,29.4,16.96,27.72
2014,GT,Mohammed Shami,15,8,117,42.9,2.73,14.62
2014,GT,Rashid Khan,8,0,472,31.7,14.91,472.0
2014,GT,David Miller,15,1,212,31.0,6.85,212.0
2015,MI,Rohit Sharma,10,8,205,46.8,4.38,25.62
2015,MI,Hardik Pandya,16,10,187,45.3,4.13,18.7
2015,MI,Suryakumar Yadav,15,2,125,45.4,2.75,62.5
2015,MI,Jasprit Bumrah,11,8,487,23.9,20.41,60.88
2015,MI,Kieron Pollard,14,14,339,59.8,5.67,24.21
2015,CSK,MS Dhoni,12,20,292,30.2,9.68,14.6
2015,CSK,Ruturaj Gaikwad,13,20,218,29.4,7.41,10.9
2015,CSK,Devon Conway,15,19,402,57.6,6.98,21.16
2015,CSK,Deepak Chahar,8,7,205,25.0,8.2,29.29
2015,CSK,Ravindra Jadeja,10,12,415,26.4,15.74,34.58
2015,RCB,Virat Kohli,15,5,136,38.4,3.54,27.2
2015,RCB,Faf du Plessis,11,24,425,33.5,12.7,17.71
2015,RCB,Glenn Maxwell,15,19,297,43.1,6.89,15.63
2015,RCB,Mohammed Siraj,9,23,328,47.2,6.95,14.26
2015,RCB,Dinesh Karthik,8,2,414,46.4,8.92,207.0
2015,KKR,Shreyas Iyer,8,24,259,60.0,4.32,10.79
2015,KKR,Sunil Narine,9,19,348,54.2,6.42,18.32
2015,KKR,Andre Russell,15,11,474,52.2,9.09,43.09
2015,KKR,Varun Chakravarthy,13,7,399,47.8,8.35,57.0
2015,KKR,Nitish Rana,11,21,364,25.5,14.25,17.33
2015,DC,Rishabh Pant,14,6,362,32.6,11.09,60.33
2015,DC,David Warner,11,3,387,25.6,15.13,129.0
2015,DC,Mitchell Marsh,9,1,313,51.1,6.13,313.0
2015,DC,Anrich Nortje,12,1,216,28.7,7.52,216.0
2015,DC,Axar Patel,16,19,488,25.0,19.49,25.68
2015,SRH,Kane Williamson,13,5,279,28.0,9.96,55.8
2015,SRH,Bhuvneshwar Kumar,11,12,354,50.7,6.99,29.5
2015,SRH,T Natarajan,8,1,394,42.4,9.28,394.0
2015,SRH,Abhishek Sharma,10,17,307,51.4,5.98,18.06
2015,SRH,Heinrich Klaasen,8,10,384,52.3,7.34,38.4
2015,PBKS,Shikhar Dhawan,15,24,381,24.5,15.53,15.88
2015,PBKS,Liam Livingstone,13,9,310,53.6,5.78,34.44
2015,PBKS,Kagiso Rabada,15,12,216,24.0,8.99,18.0
2015,PBKS,Sam Curran,8,5,101,40.5,2.5,20.2
2015,PBKS,Jonny Bairstow,8,20,137,46.6,2.94,6.85
2015,RR,Sanju Samson,9,20,476,45.9,10.36,23.8
2015,RR,Jos Buttler,12,19,336,20.4,16.48,17.68
2015,RR,Yuzvendra Chahal,9,17,173,47.8,3.62,10.18
2015,RR,Trent Boult,14,2,347,29.7,11.68,173.5
2015,RR,Shimron Hetmyer,15,3,258,35.2,7.33,86.0
2015,LSG,KL Rahul,12,24,224,32.7,6.86,9.33
2015,LSG,Quinton de Kock,10,3,342,42.3,8.08,114.0
2015,LSG,Ravi Bishnoi,11,19,405,35.6,11.39,21.32
2015,LSG,Mark Wood,8,5,116,32.9,3.53,23.2
2015,LSG,Nicholas Pooran,9,24,156,25.3,6.17,6.5
2015,GT,Shubman Gill,13,1,233,57.8,4.03,233.0
2015,GT,Hardik Pandya,11,16,266,46.0,5.79,16.62
2015,GT,Mohammed Shami,12,12,180,31.2,5.78,15.0
2015,GT,Rashid Khan,12,24,302,52.2,5.79,12.58
2015,GT,David Miller,12,2,255,28.2,9.03,127.5
2016,MI,Rohit Sharma,13,11,107,59.1,1.81,9.73
2016,MI,Hardik Pandya,13,4,155,59.0,2.63,38.75
2016,MI,Suryakumar Yadav,14,14,154,21.1,7.29,11.0
2016,MI,Jasprit Bumrah,16,24,475,22.8,20.84,19.79
2016,MI,Kieron Pollard,14,8,118,27.1,4.35,14.75
2016,CSK,MS Dhoni,12,13,307,29.5,10.41,23.62
2016,CSK,Ruturaj Gaikwad,11,3,348,39.2,8.88,116.0
2016,CSK,Devon Conway,11,4,465,46.8,9.93,116.25
2016,CSK,Deepak Chahar,8,18,412,21.3,19.3,22.89
2016,CSK,Ravindra Jadeja,15,20,322,27.1,11.86,16.1
2016,RCB,Virat Kohli,9,21,414,42.8,9.67,19.71
2016,RCB,Faf du Plessis,8,3,287,45.6,6.3,95.67
2016,RCB,Glenn Maxwell,9,23,273,30.9,8.84,11.87
2016,RCB,Mohammed Siraj,13,22,162,44.2,3.67,7.36
2016,RCB,Dinesh Karthik,9,2,111,49.4,2.25,55.5
2016,KKR,Shreyas Iyer,12,23,404,47.7,8.47,17.57
2016,KKR,Sunil Narine,9,15,100,46.4,2.15,6.67
2016,KKR,Andre Russell,15,21,146,46.1,3.16,6.95
2016,KKR,Varun Chakravarthy,14,21,433,27.7,15.61,20.62
2016,KKR,Nitish Rana,8,22,223,46.2,4.82,10.14
2016,DC,Rishabh Pant,13,2,113,29.5,3.83,56.5
2016,DC,David Warner,16,2,441,21.2,20.8,220.5
2016,DC,Mitchell Marsh,13,15,209,39.8,5.25,13.93
2016,DC,Anrich Nortje,8,17,320,45.6,7.02,18.82
2016,DC,Axar Patel,16,8,179,54.7,3.27,22.38
2016,SRH,Kane Williamson,14,22,360,29.8,12.07,16.36
2016,SRH,Bhuvneshwar Kumar,9,9,147,34.0,4.32,16.33
2016,SRH,T Natarajan,13,14,364,48.9,7.45,26.0
2016,SRH,Abhishek Sharma,14,14,386,28.6,13.52,27.57
2016,SRH,Heinrich Klaasen,10,19,492,22.4,21.92,25.89
2016,PBKS,Shikhar Dhawan,8,7,391,41.3,9.47,55.86
2016,PBKS,Liam Livingstone,9,8,470,42.7,11.01,58.75
2016,PBKS,Kagiso Rabada,8,9,410,47.3,8.68,45.56
2016,PBKS,Sam Curran,12,14,205,26.5,7.73,14.64
2016,PBKS,Jonny Bairstow,10,1,478,31.7,15.08,478.0
2016,RR,Sanju Samson,9,3,224,48.7,4.6,74.67
2016,RR,Jos Buttler,9,8,222,23.7,9.38,27.75
2016,RR,Yuzvendra Chahal,16,10,405,29.8,13.57,40.5
2016,RR,Trent Boult,11,13,255,23.2,11.01,19.62
2016,RR,Shimron Hetmyer,14,21,151,45.3,3.33,7.19
2016,LSG,KL Rahul,8,14,453,44.1,10.27,32.36
2016,LSG,Quinton de Kock,11,15,276,48.6,5.67,18.4
2016,LSG,Ravi Bishnoi,16,6,288,20.0,14.39,48.0
2016,LSG,Mark Wood,11,23,408,52.2,7.82,17.74
2016,LSG,Nicholas Pooran,13,8,413,46.9,8.81,51.62
2016,GT,Shubman Gill,14,8,422,53.8,7.85,52.75
2016,GT,Hardik Pandya,13,11,190,27.4,6.92,17.27
2016,GT,Mohammed Shami,12,6,422,32.8,12.87,70.33
2016,GT,Rashid Khan,11,13,467,44.5,10.48,35.92
2016,GT,David Miller,15,4,159,30.7,5.19,39.75
2017,MI,Rohit Sharma,16,12,209,41.5,5.04,17.42
2017,MI,Hardik Pandya,14,22,440,20.4,21.59,20.0
2017,MI,Suryakumar Yadav,8,1,142,20.2,7.03,142.0
2017,MI,Jasprit Bumrah,15,1,198,58.7,3.37,198.0
2017,MI,Kieron Pollard,9,20,207,47.0,4.41,10.35
2017,CSK,MS Dhoni,14,23,251,42.1,5.96,10.91
2017,CSK,Ruturaj Gaikwad,11,15,352,53.3,6.6,23.47
2017,CSK,Devon Conway,16,16,453,50.1,9.05,28.31
2017,CSK,Deepak Chahar,11,12,181,28.1,6.44,15.08
2017,CSK,Ravindra Jadeja,8,24,307,30.3,10.14,12.79
2017,RCB,Virat Kohli,11,20,255,41.0,6.22,12.75
2017,RCB,Faf du Plessis,16,18,337,29.8,11.32,18.72
2017,RCB,Glenn Maxwell,13,3,446,20.4,21.84,148.67
2017,RCB,Mohammed Siraj,14,18,139,50.6,2.75,7.72
2017,RCB,Dinesh Karthik,15,13,493,41.7,11.83,37.92
2017,KKR,Shreyas Iyer,8,21,491,43.5,11.29,23.38
2017,KKR,Sunil Narine,10,22,137,30.7,4.46,6.23
2017,KKR,Andre Russell,15,24,382,45.8,8.34,15.92
2017,KKR,Varun Chakravarthy,8,0,315,46.0,6.85,315.0
2017,KKR,Nitish Rana,15,3,371,53.4,6.94,123.67
2017,DC,Rishabh Pant,13,23,434,40.6,10.69,18.87
2017,DC,David Warner,13,4,131,54.9,2.39,32.75
2017,DC,Mitchell Marsh,8,18,410,35.1,11.67,22.78
2017,DC,Anrich Nortje,11,15,279,47.4,5.88,18.6
2017,DC,Axar Patel,8,17,344,31.3,11.0,20.24
2017,SRH,Kane Williamson,15,0,384,51.4,7.47,384.0
2017,SRH,Bhuvneshwar Kumar,12,5,366,41.4,8.85,73.2
2017,SRH,T Natarajan,13,17,287,60.0,4.79,16.88
2017,SRH,Abhishek Sharma,16,0,253,59.2,4.27,253.0
2017,SRH,Heinrich Klaasen,12,13,184,51.0,3.6,14.15
2017,PBKS,Shikhar Dhawan,15,9,142,50.8,2.79,15.78
2017,PBKS,Liam Livingstone,16,10,478,42.4,11.26,47.8
2017,PBKS,Kagiso Rabada,9,0,253,37.3,6.79,253.0
2017,PBKS,Sam Curran,11,10,187,37.4,5.0,18.7
2017,PBKS,Jonny Bairstow,14,22,242,53.7,4.51,11.0
2017,RR,Sanju Samson,11,5,374,24.0,15.56,74.8
2017,RR,Jos Buttler,10,5,133,58.8,2.26,26.6
2017,RR,Yuzvendra Chahal,9,3,219,49.4,4.43,73.0
2017,RR,Trent Boult,15,20,308,40.1,7.68,15.4
2017,RR,Shimron Hetmyer,13,21,172,31.5,5.46,8.19
2017,LSG,KL Rahul,9,0,112,55.0,2.04,112.0
2017,LSG,Quinton de Kock,12,12,254,36.7,6.91,21.17
2017,LSG,Ravi Bishnoi,13,18,325,36.1,9.01,18.06
2017,LSG,Mark Wood,15,17,392,28.9,13.55,23.06
2017,LSG,Nicholas Pooran,9,23,292,48.3,6.04,12.7
2017,GT,Shubman Gill,10,3,319,26.8,11.9,106.33
2017,GT,Hardik Pandya,10,15,332,26.1,12.74,22.13
2017,GT,Mohammed Shami,10,12,293,26.5,11.06,24.42
2017,GT,Rashid Khan,13,23,466,42.9,10.85,20.26
2017,GT,David Miller,16,15,261,51.7,5.05,17.4
2018,MI,Rohit Sharma,10,13,105,30.6,3.43,8.08
2018,MI,Hardik Pandya,11,7,314,54.4,5.77,44.86
2018,MI,Suryakumar Yadav,10,16,420,26.1,16.07,26.25
2018,MI,Jasprit Bumrah,15,22,462,51.4,8.99,21.0
2018,MI,Kieron Pollard,16,0,328,42.4,7.74,328.0
2018,CSK,MS Dhoni,11,23,107,30.1,3.55,4.65
2018,CSK,Ruturaj Gaikwad,11,12,332,26.6,12.48,27.67
2018,CSK,Devon Conway,10,23,338,21.5,15.71,14.7
2018,CSK,Deepak Chahar,10,19,453,55.6,8.15,23.84
2018,CSK,Ravindra Jadeja,10,4,156,26.6,5.86,39.0
2018,RCB,Virat Kohli,11,2,379,43.1,8.8,189.5
2018,RCB,Faf du Plessis,16,7,416,23.6,17.62,59.43
2018,RCB,Glenn Maxwell,16,4,330,40.4,8.18,82.5
2018,RCB,Mohammed Siraj,9,10,225,28.5,7.89,22.5
2018,RCB,Dinesh Karthik,16,22,404,41.6,9.7,18.36
2018,KKR,Shreyas Iyer,15,22,229,28.1,8.14,10.41
2018,KKR,Sunil Narine,15,1,463,42.4,10.92,463.0
2018,KKR,Andre Russell,15,5,448,36.1,12.4,89.6
2018,KKR,Varun Chakravarthy,8,1,201,50.8,3.96,201.0
2018,KKR,Nitish Rana,15,4,280,21.4,13.09,70.0
2018,DC,Rishabh Pant,13,13,317,49.2,6.44,24.38
2018,DC,David Warner,10,4,212,34.4,6.17,53.0
2018,DC,Mitchell Marsh,8,3,352,33.4,10.55,117.33
2018,DC,Anrich Nortje,16,0,142,42.8,3.32,142.0
2018,DC,Axar Patel,10,19,393,53.8,7.31,20.68
2018,SRH,Kane Williamson,12,24,374,32.2,11.61,15.58
2018,SRH,Bhuvneshwar Kumar,10,10,301,40.2,7.49,30.1
2018,SRH,T Natarajan,12,0,111,52.2,2.13,111.0
2018,SRH,Abhishek Sharma,15,22,131,43.8,2.99,5.95
2018,SRH,Heinrich Klaasen,9,21,416,47.5,8.75,19.81
2018,PBKS,Shikhar Dhawan,9,6,305,21.9,13.91,50.83
2018,PBKS,Liam Livingstone,14,16,196,48.9,4.01,12.25
2018,PBKS,Kagiso Rabada,14,20,445,45.2,9.84,22.25
2018,PBKS,Sam Curran,14,24,262,44.3,5.91,10.92
2018,PBKS,Jonny Bairstow,11,18,459,29.1,15.77,25.5
2018,RR,Sanju Samson,14,12,475,20.6,23.05,39.58
2018,RR,Jos Buttler,14,12,435,47.9,9.09,36.25
2018,RR,Yuzvendra Chahal,8,19,339,53.1,6.38,17.84
2018,RR,Trent Boult,9,16,389,38.5,10.1,24.31
2018,RR,Shimron Hetmyer,11,8,322,51.2,6.29,40.25
2018,LSG,KL Rahul,16,4,146,56.4,2.59,36.5
2018,LSG,Quinton de Kock,16,16,211,48.8,4.33,13.19
2018,LSG,Ravi Bishnoi,13,15,263,43.2,6.09,17.53
2018,LSG,Mark Wood,8,0,378,46.5,8.13,378.0
2018,LSG,Nicholas Pooran,12,23,127,58.5,2.17,5.52
2018,GT,Shubman Gill,8,23,427,34.6,12.32,18.57
2018,GT,Hardik Pandya,13,13,105,49.1,2.14,8.08
2018,GT,Mohammed Shami,11,17,163,52.4,3.11,9.59
2018,GT,Rashid Khan,11,1,247,49.9,4.95,247.0
2018,GT,David Miller,16,14,121,37.8,3.2,8.64
2019,MI,Rohit Sharma,14,4,269,55.5,4.85,67.25
2019,MI,Hardik Pandya,15,17,140,46.9,2.99,8.24
2019,MI,Suryakumar Yadav,12,22,466,21.0,22.21,21.18
2019,MI,Jasprit Bumrah,9,15,345,39.9,8.65,23.0
2019,MI,Kieron Pollard,12,6,344,49.4,6.96,57.33
2019,CSK,MS Dhoni,13,2,358,37.8,9.47,179.0
2019,CSK,Ruturaj Gaikwad,13,5,337,31.9,10.56,67.4
2019,CSK,Devon Conway,8,6,429,55.2,7.78,71.5
2019,CSK,Deepak Chahar,10,17,230,20.6,11.14,13.53
2019,CSK,Ravindra Jadeja,8,8,371,24.4,15.19,46.38
2019,RCB,Virat Kohli,13,3,328,30.2,10.88,109.33
2019,RCB,Faf du Plessis,8,8,154,23.7,6.5,19.25
2019,RCB,Glenn Maxwell,10,23,113,22.4,5.04,4.91
2019,RCB,Mohammed Siraj,9,22,421,54.9,7.66,19.14
2019,RCB,Dinesh Karthik,9,20,147,29.0,5.06,7.35
2019,KKR,Shreyas Iyer,10,11,149,30.0,4.97,13.55
2019,KKR,Sunil Narine,16,14,401,34.5,11.63,28.64
2019,KKR,Andre Russell,10,8,118,44.9,2.63,14.75
2019,KKR,Varun Chakravarthy,16,13,147,37.8,3.89,11.31
2019,KKR,Nitish Rana,16,4,152,56.5,2.69,38.0
2019,DC,Rishabh Pant,14,0,268,27.6,9.72,268.0
2019,DC,David Warner,11,13,466,43.9,10.62,35.85
2019,DC,Mitchell Marsh,16,7,150,57.3,2.62,21.43
2019,DC,Anrich Nortje,14,20,254,59.6,4.26,12.7
2019,DC,Axar Patel,12,9,200,45.4,4.41,22.22
2019,SRH,Kane Williamson,9,15,338,48.2,7.01,22.53
2019,SRH,Bhuvneshwar Kumar,11,2,115,43.4,2.65,57.5
2019,SRH,T Natarajan,14,1,331,36.8,9.0,331.0
2019,SRH,Abhishek Sharma,10,0,450,52.9,8.51,450.0
2019,SRH,Heinrich Klaasen,13,16,320,54.3,5.89,20.0
2019,PBKS,Shikhar Dhawan,15,8,424,46.0,9.22,53.0
2019,PBKS,Liam Livingstone,14,16,428,23.5,18.18,26.75
2019,PBKS,Kagiso Rabada,13,13,438,47.4,9.24,33.69
2019,PBKS,Sam Curran,16,18,167,26.3,6.34,9.28
2019,PBKS,Jonny Bairstow,13,10,477,52.7,9.06,47.7
2019,RR,Sanju Samson,9,2,417,23.9,17.47,208.5
2019,RR,Jos Buttler,10,16,414,32.8,12.64,25.88
2019,RR,Yuzvendra Chahal,16,0,161,29.1,5.52,161.0
2019,RR,Trent Boult,8,23,483,40.9,11.81,21.0
2019,RR,Shimron Hetmyer,8,15,138,54.8,2.52,9.2
2019,LSG,KL Rahul,12,19,160,48.4,3.3,8.42
2019,LSG,Quinton de Kock,15,4,351,32.0,10.96,87.75
2019,LSG,Ravi Bishnoi,16,7,225,37.3,6.03,32.14
2019,LSG,Mark Wood,9,7,342,22.5,15.17,48.86
2019,LSG,Nicholas Pooran,13,4,315,41.8,7.53,78.75
2019,GT,Shubman Gill,16,8,285,54.9,5.19,35.62
2019,GT,Hardik Pandya,15,7,259,58.7,4.41,37.0
2019,GT,Mohammed Shami,11,6,335,40.1,8.36,55.83
2019,GT,Rashid Khan,12,18,452,35.1,12.88,25.11
2019,GT,David Miller,14,10,154,31.9,4.84,15.4
2020,MI,Rohit Sharma,10,22,260,49.1,5.3,11.82
2020,MI,Hardik Pandya,14,12,276,21.2,13.0,23.0
2020,MI,Suryakumar Yadav,14,20,416,52.6,7.92,20.8
2020,MI,Jasprit Bumrah,15,22,112,22.3,5.03,5.09
2020,MI,Kieron Pollard,8,7,302,35.2,8.58,43.14
2020,CSK,MS Dhoni,16,3,490,24.4,20.11,163.33
2020,CSK,Ruturaj Gaikwad,14,6,381,52.6,7.24,63.5
2020,CSK,Devon Conway,16,17,293,59.9,4.89,17.24
2020,CSK,Deepak Chahar,10,16,353,51.7,6.82,22.06
2020,CSK,Ravindra Jadeja,9,7,297,41.8,7.11,42.43
2020,RCB,Virat Kohli,9,19,165,41.3,3.99,8.68
2020,RCB,Faf du Plessis,10,14,497,58.1,8.55,35.5
2020,RCB,Glenn Maxwell,11,19,196,56.6,3.46,10.32
2020,RCB,Mohammed Siraj,16,14,178,41.0,4.34,12.71
2020,RCB,Dinesh Karthik,11,3,381,49.4,7.71,127.0
2020,KKR,Shreyas Iyer,10,6,279,28.6,9.76,46.5
2020,KKR,Sunil Narine,15,10,420,53.6,7.84,42.0
2020,KKR,Andre Russell,10,19,262,20.0,13.07,13.79
2020,KKR,Varun Chakravarthy,11,19,445,40.6,10.97,23.42
2020,KKR,Nitish Rana,14,9,244,37.0,6.59,27.11
2020,DC,Rishabh Pant,14,4,412,54.1,7.62,103.0
2020,DC,David Warner,11,22,150,36.5,4.11,6.82
2020,DC,Mitchell Marsh,13,8,105,49.3,2.13,13.12
2020,DC,Anrich Nortje,8,3,391,52.5,7.45,130.33
2020,DC,Axar Patel,10,8,497,44.2,11.25,62.12
2020,SRH,Kane Williamson,8,10,145,43.9,3.3,14.5
2020,SRH,Bhuvneshwar Kumar,11,19,478,33.4,14.31,25.16
2020,SRH,T Natarajan,15,1,487,38.0,12.83,487.0
2020,SRH,Abhishek Sharma,9,1,364,30.2,12.04,364.0
2020,SRH,Heinrich Klaasen,9,20,127,39.5,3.21,6.35
2020,PBKS,Shikhar Dhawan,15,23,436,46.2,9.43,18.96
2020,PBKS,Liam Livingstone,8,15,417,45.8,9.11,27.8
2020,PBKS,Kagiso Rabada,16,13,266,46.6,5.71,20.46
2020,PBKS,Sam Curran,10,11,144,26.0,5.54,13.09
2020,PBKS,Jonny Bairstow,16,20,323,46.1,7.0,16.15
2020,RR,Sanju Samson,10,10,422,54.0,7.81,42.2
2020,RR,Jos Buttler,12,22,261,40.0,6.53,11.86
2020,RR,Yuzvendra Chahal,8,9,388,24.1,16.09,43.11
2020,RR,Trent Boult,9,22,175,56.5,3.09,7.95
2020,RR,Shimron Hetmyer,14,15,448,35.5,12.63,29.87
2020,LSG,KL Rahul,8,16,446,35.9,12.44,27.88
2020,LSG,Quinton de Kock,14,24,136,26.3,5.18,5.67
2020,LSG,Ravi Bishnoi,11,11,219,31.8,6.9,19.91
2020,LSG,Mark Wood,14,0,235,52.5,4.48,235.0
2020,LSG,Nicholas Pooran,8,17,387,20.5,18.91,22.76
2020,GT,Shubman Gill,12,12,470,21.9,21.44,39.17
2020,GT,Hardik Pandya,12,15,231,52.2,4.43,15.4
2020,GT,Mohammed Shami,9,0,499,27.9,17.86,499.0
2020,GT,Rashid Khan,12,6,274,57.6,4.76,45.67
2020,GT,David Miller,16,2,315,41.5,7.59,157.5
2021,MI,Rohit Sharma,13,7,484,29.1,16.64,69.14
2021,MI,Hardik Pandya,13,21,482,38.1,12.65,22.95
2021,MI,Suryakumar Yadav,16,14,236,29.2,8.08,16.86
2021,MI,Jasprit Bumrah,15,5,376,20.2,18.63,75.2
2021,MI,Kieron Pollard,9,21,288,34.5,8.34,13.71
2021,CSK,MS Dhoni,14,18,306,40.9,7.49,17.0
2021,CSK,Ruturaj Gaikwad,8,8,482,37.0,13.04,60.25
2021,CSK,Devon Conway,14,24,126,32.4,3.89,5.25
2021,CSK,Deepak Chahar,12,15,474,24.8,19.14,31.6
2021,CSK,Ravindra Jadeja,8,1,298,26.6,11.22,298.0
2021,RCB,Virat Kohli,8,9,232,26.6,8.71,25.78
2021,RCB,Faf du Plessis,13,21,138,49.4,2.79,6.57
2021,RCB,Glenn Maxwell,14,6,455,22.1,20.61,75.83
2021,RCB,Mohammed Siraj,13,21,159,39.6,4.01,7.57
2021,RCB,Dinesh Karthik,16,15,269,43.6,6.18,17.93
2021,KKR,Shreyas Iyer,14,4,391,52.9,7.4,97.75
2021,KKR,Sunil Narine,13,1,104,38.2,2.72,104.0
2021,KKR,Andre Russell,14,13,241,44.0,5.48,18.54
2021,KKR,Varun Chakravarthy,10,0,282,49.0,5.75,282.0
2021,KKR,Nitish Rana,12,15,445,57.9,7.69,29.67
2021,DC,Rishabh Pant,12,4,387,56.8,6.81,96.75
2021,DC,David Warner,16,19,379,28.2,13.43,19.95
2021,DC,Mitchell Marsh,8,11,166,29.7,5.58,15.09
2021,DC,Anrich Nortje,14,6,409,33.3,12.29,68.17
2021,DC,Axar Patel,15,8,159,32.7,4.87,19.88
2021,SRH,Kane Williamson,9,17,486,32.1,15.12,28.59
2021,SRH,Bhuvneshwar Kumar,16,7,437,21.9,19.92,62.43
2021,SRH,T Natarajan,8,21,320,20.5,15.59,15.24
2021,SRH,Abhishek Sharma,10,5,223,39.2,5.69,44.6
2021,SRH,Heinrich Klaasen,8,3,247,50.5,4.89,82.33
2021,PBKS,Shikhar Dhawan,15,14,177,25.1,7.06,12.64
2021,PBKS,Liam Livingstone,16,4,253,39.2,6.46,63.25
2021,PBKS,Kagiso Rabada,8,12,236,52.2,4.52,19.67
2021,PBKS,Sam Curran,14,16,468,59.9,7.81,29.25
2021,PBKS,Jonny Bairstow,13,17,217,39.8,5.45,12.76
2021,RR,Sanju Samson,11,24,219,38.4,5.7,9.12
2021,RR,Jos Buttler,13,3,459,30.9,14.84,153.0
2021,RR,Yuzvendra Chahal,12,20,126,39.3,3.21,6.3
2021,RR,Trent Boult,13,13,251,38.8,6.47,19.31
2021,RR,Shimron Hetmyer,16,18,463,53.9,8.59,25.72
2021,LSG,KL Rahul,13,22,187,34.6,5.41,8.5
2021,LSG,Quinton de Kock,15,15,483,42.1,11.47,32.2
2021,LSG,Ravi Bishnoi,9,7,486,44.3,10.97,69.43
2021,LSG,Mark Wood,13,20,356,55.3,6.44,17.8
2021,LSG,Nicholas Pooran,14,23,345,47.8,7.22,15.0
2021,GT,Shubman Gill,14,5,325,42.3,7.68,65.0
2021,GT,Hardik Pandya,11,19,272,45.7,5.95,14.32
2021,GT,Mohammed Shami,16,3,157,54.8,2.87,52.33
2021,GT,Rashid Khan,10,19,467,42.4,11.02,24.58
2021,GT,David Miller,9,13,392,29.1,13.47,30.15
2022,MI,Rohit Sharma,12,24,373,49.0,7.61,15.54
2022,MI,Hardik Pandya,13,24,152,39.7,3.83,6.33
2022,MI,Suryakumar Yadav,9,19,204,30.8,6.63,10.74
2022,MI,Jasprit Bumrah,12,3,438,54.1,8.09,146.0
2022,MI,Kieron Pollard,14,9,208,41.7,4.99,23.11
2022,CSK,MS Dhoni,11,0,256,31.1,8.22,256.0
2022,CSK,Ruturaj Gaikwad,16,16,249,25.0,9.95,15.56
2022,CSK,Devon Conway,8,15,340,55.5,6.13,22.67
2022,CSK,Deepak Chahar,16,14,295,34.5,8.56,21.07
2022,CSK,Ravindra Jadeja,16,17,361,42.7,8.46,21.24
2022,RCB,Virat Kohli,10,9,302,34.1,8.87,33.56
2022,RCB,Faf du Plessis,13,6,222,31.6,7.03,37.0
2022,RCB,Glenn Maxwell,9,24,159,25.6,6.21,6.62
2022,RCB,Mohammed Siraj,8,24,362,41.6,8.69,15.08
2022,RCB,Dinesh Karthik,9,22,273,53.5,5.1,12.41
2022,KKR,Shreyas Iyer,12,9,342,23.0,14.86,38.0
2022,KKR,Sunil Narine,14,23,310,24.6,12.62,13.48
2022,KKR,Andre Russell,11,14,360,47.8,7.52,25.71
2022,KKR,Varun Chakravarthy,9,1,171,53.0,3.22,171.0
2022,KKR,Nitish Rana,10,4,336,56.0,6.0,84.0
2022,DC,Rishabh Pant,9,15,128,36.5,3.51,8.53
2022,DC,David Warner,8,22,159,58.0,2.74,7.23
2022,DC,Mitchell Marsh,10,23,432,53.9,8.02,18.78
2022,DC,Anrich Nortje,13,16,230,39.1,5.88,14.38
2022,DC,Axar Patel,9,5,315,45.5,6.92,63.0
2022,SRH,Kane Williamson,12,22,391,20.6,19.03,17.77
2022,SRH,Bhuvneshwar Kumar,9,16,400,25.6,15.62,25.0
2022,SRH,T Natarajan,14,15,480,55.1,8.71,32.0
2022,SRH,Abhishek Sharma,12,20,247,32.3,7.66,12.35
2022,SRH,Heinrich Klaasen,9,11,413,45.7,9.04,37.55
2022,PBKS,Shikhar Dhawan,9,5,194,27.2,7.13,38.8
2022,PBKS,Liam Livingstone,15,20,174,26.8,6.49,8.7
2022,PBKS,Kagiso Rabada,10,10,273,51.3,5.32,27.3
2022,PBKS,Sam Curran,11,9,403,31.4,12.84,44.78
2022,PBKS,Jonny Bairstow,15,9,236,36.0,6.55,26.22
2022,RR,Sanju Samson,16,13,323,40.8,7.91,24.85
2022,RR,Jos Buttler,16,12,308,46.8,6.58,25.67
2022,RR,Yuzvendra Chahal,14,15,327,54.0,6.06,21.8
2022,RR,Trent Boult,11,19,477,39.7,12.02,25.11
2022,RR,Shimron Hetmyer,9,17,493,55.9,8.83,29.0
2022,LSG,KL Rahul,9,16,111,49.5,2.24,6.94
2022,LSG,Quinton de Kock,9,17,414,26.7,15.49,24.35
2022,LSG,Ravi Bishnoi,14,1,468,31.5,14.87,468.0
2022,LSG,Mark Wood,13,24,412,55.1,7.48,17.17
2022,LSG,Nicholas Pooran,11,10,110,41.5,2.65,11.0
2022,GT,Shubman Gill,16,0,175,45.6,3.84,175.0
2022,GT,Hardik Pandya,12,11,424,52.6,8.06,38.55
2022,GT,Mohammed Shami,11,5,319,57.0,5.59,63.8
2022,GT,Rashid Khan,13,19,475,47.1,10.08,25.0
2022,GT,David Miller,10,5,344,43.6,7.88,68.8
2023,MI,Rohit Sharma,14,0,321,24.4,13.17,321.0
2023,MI,Hardik Pandya,10,22,452,54.7,8.27,20.55
2023,MI,Suryakumar Yadav,9,5,440,39.2,11.22,88.0
2023,MI,Jasprit Bumrah,12,9,279,34.1,8.17,31.0
2023,MI,Kieron Pollard,8,4,348,53.2,6.55,87.0
2023,CSK,MS Dhoni,9,24,370,46.4,7.97,15.42
2023,CSK,Ruturaj Gaikwad,11,17,349,25.1,13.93,20.53
2023,CSK,Devon Conway,16,18,418,41.4,10.1,23.22
2023,CSK,Deepak Chahar,14,2,185,30.2,6.12,92.5
2023,CSK,Ravindra Jadeja,14,17,247,59.5,4.15,14.53
2023,RCB,Virat Kohli,11,24,346,43.8,7.9,14.42
2023,RCB,Faf du Plessis,14,5,160,26.7,5.99,32.0
2023,RCB,Glenn Maxwell,8,4,432,22.0,19.62,108.0
2023,RCB,Mohammed Siraj,9,24,282,37.7,7.48,11.75
2023,RCB,Dinesh Karthik,13,8,346,54.9,6.3,43.25
2023,KKR,Shreyas Iyer,16,18,171,43.0,3.98,9.5
2023,KKR,Sunil Narine,14,24,254,29.7,8.54,10.58
2023,KKR,Andre Russell,14,13,114,45.3,2.52,8.77
2023,KKR,Varun Chakravarthy,11,6,472,27.4,17.2,78.67
2023,KKR,Nitish Rana,11,21,260,44.7,5.82,12.38
2023,DC,Rishabh Pant,15,23,114,21.5,5.3,4.96
2023,DC,David Warner,8,19,157,22.6,6.96,8.26
2023,DC,Mitchell Marsh,15,4,218,58.7,3.71,54.5
2023,DC,Anrich Nortje,12,9,158,28.9,5.46,17.56
2023,DC,Axar Patel,12,0,472,33.1,14.27,472.0
2023,SRH,Kane Williamson,9,11,419,29.7,14.13,38.09
2023,SRH,Bhuvneshwar Kumar,11,19,136,29.0,4.69,7.16
2023,SRH,T Natarajan,12,4,394,30.1,13.08,98.5
2023,SRH,Abhishek Sharma,14,2,203,43.8,4.63,101.5
2023,SRH,Heinrich Klaasen,10,1,208,49.7,4.18,208.0
2023,PBKS,Shikhar Dhawan,8,20,250,39.3,6.36,12.5
2023,PBKS,Liam Livingstone,10,10,254,48.2,5.27,25.4
2023,PBKS,Kagiso Rabada,12,0,466,55.9,8.34,466.0
2023,PBKS,Sam Curran,14,18,209,45.5,4.6,11.61
2023,PBKS,Jonny Bairstow,16,15,376,57.7,6.52,25.07
2023,RR,Sanju Samson,16,2,279,32.8,8.52,139.5
2023,RR,Jos Buttler,15,13,384,54.2,7.08,29.54
2023,RR,Yuzvendra Chahal,11,4,373,33.0,11.29,93.25
2023,RR,Trent Boult,13,12,277,38.6,7.18,23.08
2023,RR,Shimron Hetmyer,8,15,374,25.6,14.63,24.93
2023,LSG,KL Rahul,13,16,326,26.8,12.18,20.38
2023,LSG,Quinton de Kock,10,13,417,55.9,7.46,32.08
2023,LSG,Ravi Bishnoi,15,8,136,34.3,3.96,17.0
2023,LSG,Mark Wood,9,23,193,23.5,8.22,8.39
2023,LSG,Nicholas Pooran,12,0,391,29.6,13.21,391.0
2023,GT,Shubman Gill,9,16,159,24.8,6.41,9.94
2023,GT,Hardik Pandya,8,5,218,27.5,7.92,43.6
2023,GT,Mohammed Shami,16,14,443,45.7,9.69,31.64
2023,GT,Rashid Khan,14,17,269,57.3,4.69,15.82
2023,GT,David Miller,12,7,475,58.8,8.08,67.86
